[
    {
        "title": "Renault_Sport_lover1921",
        "date": "2024-04-12",
        "content": "Driving the Megane 3 RS is pure exhilaration! Its turbocharged engine delivers a thrilling performance, while the handling is razor-sharp. Whether on the track or winding roads, this hot hatch never fails to impress. Truly, Renault nailed it with this one!"
    },
    {
        "title": "Clio_RS_grb",
        "date": "2024-04-15",
        "content": "The latest Clio RS is a marvel of modern engineering. Compact yet powerful, it blends sporty dynamics with everyday practicality. Every drive is a joyride, thanks to its responsive steering and punchy turbo engine. Renault continues to set the bar high!"
    },
    {
        "title": "Renault_blogger1987",
        "date": "2024-05-25",
        "content": "As a long-time Renault enthusiast, I can't praise the brand enough. From cutting-edge technology to impeccable design, Renault consistently delivers top-notch vehicles. Their commitment to innovation and customer satisfaction is evident in every car they produce. Proud to be part of the Renault family!"
    },
    {
        "title": "Captur_south_TM87",
        "date": "2024-05-28",
        "content": "The Renault Captur is the perfect blend of style and functionality. Its sleek design and spacious interior make it a standout in the compact SUV market. Ideal for city driving and weekend getaways, the Captur proves that practicality can also be stylish. Another win for Renault!"
    },
    {
        "title": "Megane_zeljeznicar",
        "date": "2024-06-08",
        "content": "The Megane 3 DCI 1.5 is a gem for those who value efficiency without sacrificing performance. Its diesel engine is impressively economical, making long drives a breeze. Comfortable, reliable, and fuel-efficient – it’s the ideal companion for daily commutes and long journeys alike. Renault has truly mastered the art"
    }
]
